make,model
Audi,A1
Audi,A2
Audi,A3
Audi,A4
Audi,A5
Audi,A6
Audi,A7
Audi,A8
Audi,Q2
Audi,Q3
Audi,Q5
Audi,Q7
Audi,Q8
Audi,R8
Audi,RS3
Audi,RS4
Audi,RS5
Audi,RS6
Audi,RS7
Audi,S3
Audi,S4
Audi,S5
Audi,S8
Audi,SQ5
Audi,SQ7
Audi,TT
BMW,1 Series
BMW,2 Series
BMW,3 Series
BMW,4 Series
BMW,5 Series
BMW,6 Series
BMW,7 Series
BMW,8 Series
BMW,M2
BMW,M3
BMW,M4
BMW,M5
BMW,M6
BMW,X1
BMW,X2
BMW,X3
BMW,X4
BMW,X5
BMW,X6
BMW,X7
BMW,Z3
BMW,Z4
BMW,i8
Ford,B-MAX
Ford,C-MAX
Ford,EcoSport
Ford,Edge
Ford,Escort
Ford,Fiesta
Ford,Focus
Ford,Fusion
Ford,Galaxy
Ford,Grand C-MAX
Ford,Grand Tourneo Connect
Ford,KA
Ford,Ka+
Ford,Kuga
Ford,Mondeo
Ford,Mustang
Ford,Puma
Ford,Ranger
Ford,S-MAX
Ford,Streetka
Ford,Tourneo Connect
Ford,Tourneo Custom
Ford,Transit Tourneo
Hyundai,Accent
Hyundai,Amica
Hyundai,Getz
Hyundai,I10
Hyundai,I20
Hyundai,I30
Hyundai,I40
Hyundai,I800
Hyundai,IX20
Hyundai,IX35
Hyundai,Ioniq
Hyundai,Kona
Hyundai,Santa Fe
Hyundai,Terracan
Hyundai,Tucson
Hyundai,Veloster
Mercedes,180
Mercedes,200
Mercedes,220
Mercedes,A Class
Mercedes,B Class
Mercedes,C Class
Mercedes,CL Class
Mercedes,CLA Class
Mercedes,CLC Class
Mercedes,CLK
Mercedes,CLS Class
Mercedes,E Class
Mercedes,G Class
Mercedes,GL Class
Mercedes,GLA Class
Mercedes,GLB Class
Mercedes,GLC Class
Mercedes,GLE Class
Mercedes,GLS Class
Mercedes,M Class
Mercedes,R Class
Mercedes,S Class
Mercedes,SL CLASS
Mercedes,SLK
Mercedes,V Class
Mercedes,X-CLASS
Skoda,Citigo
Skoda,Fabia
Skoda,Kamiq
Skoda,Karoq
Skoda,Kodiaq
Skoda,Octavia
Skoda,Rapid
Skoda,Roomster
Skoda,Scala
Skoda,Superb
Skoda,Yeti
Skoda,Yeti Outdoor
Toyota,Auris
Toyota,Avensis
Toyota,Aygo
Toyota,C-HR
Toyota,Camry
Toyota,Corolla
Toyota,GT86
Toyota,Hilux
Toyota,IQ
Toyota,Land Cruiser
Toyota,PROACE VERSO
Toyota,Prius
Toyota,RAV4
Toyota,Supra
Toyota,Urban Cruiser
Toyota,Verso
Toyota,Verso-S
Toyota,Yaris
Vauxhall,Adam
Vauxhall,Agila
Vauxhall,Antara
Vauxhall,Astra
Vauxhall,Cascada
Vauxhall,Combo Life
Vauxhall,Corsa
Vauxhall,Crossland X
Vauxhall,GTC
Vauxhall,Grandland X
Vauxhall,Insignia
Vauxhall,Kadjar
Vauxhall,Meriva
Vauxhall,Mokka
Vauxhall,Mokka X
Vauxhall,Tigra
Vauxhall,Vectra
Vauxhall,Viva
Vauxhall,Vivaro
Vauxhall,Zafira
Vauxhall,Zafira Tourer
Volkswagen,Amarok
Volkswagen,Arteon
Volkswagen,Beetle
Volkswagen,CC
Volkswagen,Caddy
Volkswagen,Caddy Life
Volkswagen,Caddy Maxi
Volkswagen,Caddy Maxi Life
Volkswagen,California
Volkswagen,Caravelle
Volkswagen,Eos
Volkswagen,Fox
Volkswagen,Golf
Volkswagen,Golf SV
Volkswagen,Jetta
Volkswagen,Passat
Volkswagen,Polo
Volkswagen,Scirocco
Volkswagen,Sharan
Volkswagen,Shuttle
Volkswagen,T-Cross
Volkswagen,T-Roc
Volkswagen,Tiguan
Volkswagen,Tiguan Allspace
Volkswagen,Touareg
Volkswagen,Touran
Volkswagen,Up
